Start,End,Path
"(161.0, 46.0)","(133.0, 82.0)","[(161.0, 46.0), (161.0, 47.0), (161.0, 48.0), (161.0, 49.0), (161.0, 50.0), (161.0, 51.0), (161.0, 52.0), (161.0, 53.0), (161.0, 54.0), (161.0, 55.0), (161.0, 56.0), (161.0, 57.0), (161.0, 58.0), (161.0, 59.0), (161.0, 60.0), (161.0, 61.0), (161.0, 62.0), (161.0, 63.0), (161.0, 64.0), (161.0, 65.0), (161.0, 66.0), (161.0, 67.0), (161.0, 68.0), (161.0, 69.0), (161.0, 70.0), (161.0, 71.0), (161.0, 72.0), (161.0, 73.0), (161.0, 74.0), (161.0, 75.0), (161.0, 76.0), (161.0, 77.0), (161.0, 78.0), (161.0, 79.0), (161.0, 80.0), (161.0, 81.0), (161.0, 82.0), (161.0, 83.0), (160.0, 83.0), (159.0, 83.0), (158.0, 83.0), (157.0, 83.0), (156.0, 83.0), (155.0, 83.0), (154.0, 83.0), (153.0, 83.0), (152.0, 83.0), (151.0, 83.0), (150.0, 83.0), (149.0, 83.0), (148.0, 83.0), (147.0, 83.0), (146.0, 83.0), (145.0, 83.0), (144.0, 83.0), (143.0, 83.0), (142.0, 83.0), (141.0, 83.0), (140.0, 83.0), (139.0, 83.0), (138.0, 83.0), (137.0, 83.0), (136.0, 83.0), (135.0, 83.0), (134.0, 83.0), (133.0, 83.0), (133.0, 82.0)]"
"(133.0, 82.0)","(135.0, 60.0)","[(133.0, 82.0), (133.0, 81.0), (133.0, 80.0), (133.0, 79.0), (133.0, 78.0), (133.0, 77.0), (133.0, 76.0), (133.0, 75.0), (133.0, 74.0), (133.0, 73.0), (133.0, 72.0), (133.0, 71.0), (133.0, 70.0), (133.0, 69.0), (133.0, 68.0), (133.0, 67.0), (133.0, 66.0), (133.0, 65.0), (133.0, 64.0), (133.0, 63.0), (133.0, 62.0), (133.0, 61.0), (133.0, 60.0), (134.0, 60.0), (135.0, 60.0)]"
"(133.0, 82.0)","(105.0, 82.0)","[(133.0, 82.0), (132.0, 82.0), (131.0, 82.0), (130.0, 82.0), (129.0, 82.0), (128.0, 82.0), (127.0, 82.0), (126.0, 82.0), (125.0, 82.0), (124.0, 82.0), (123.0, 82.0), (122.0, 82.0), (121.0, 82.0), (120.0, 82.0), (119.0, 82.0), (118.0, 82.0), (117.0, 82.0), (116.0, 82.0), (115.0, 82.0), (115.0, 81.0), (114.0, 81.0), (113.0, 81.0), (112.0, 81.0), (111.0, 81.0), (110.0, 81.0), (109.0, 81.0), (108.0, 81.0), (107.0, 81.0), (106.0, 81.0), (105.0, 81.0), (105.0, 82.0)]"
"(105.0, 82.0)","(95.0, 84.0)","[(105.0, 82.0), (104.0, 82.0), (103.0, 82.0), (102.0, 82.0), (101.0, 82.0), (100.0, 82.0), (99.0, 82.0), (98.0, 82.0), (97.0, 82.0), (96.0, 82.0), (95.0, 82.0), (95.0, 83.0), (95.0, 84.0)]"
"(105.0, 82.0)","(105.0, 62.0)","[(105.0, 82.0), (105.0, 81.0), (105.0, 80.0), (105.0, 79.0), (105.0, 78.0), (105.0, 77.0), (105.0, 76.0), (105.0, 75.0), (105.0, 74.0), (105.0, 73.0), (105.0, 72.0), (105.0, 71.0), (105.0, 70.0), (105.0, 69.0), (105.0, 68.0), (105.0, 67.0), (105.0, 66.0), (105.0, 65.0), (105.0, 64.0), (105.0, 63.0), (105.0, 62.0)]"
"(97.0, 62.0)","(91.0, 46.0)","[(97.0, 62.0), (96.0, 62.0), (95.0, 62.0), (94.0, 62.0), (93.0, 62.0), (92.0, 62.0), (91.0, 62.0), (91.0, 61.0), (91.0, 60.0), (91.0, 59.0), (91.0, 58.0), (91.0, 57.0), (91.0, 56.0), (91.0, 55.0), (91.0, 54.0), (91.0, 53.0), (91.0, 52.0), (91.0, 51.0), (91.0, 50.0), (91.0, 49.0), (91.0, 48.0), (91.0, 47.0), (91.0, 46.0)]"
"(103.0, 96.0)","(145.0, 82.0)","[(103.0, 96.0), (103.0, 95.0), (103.0, 94.0), (103.0, 93.0), (103.0, 92.0), (103.0, 91.0), (103.0, 90.0), (103.0, 89.0), (103.0, 88.0), (103.0, 87.0), (103.0, 86.0), (103.0, 85.0), (103.0, 84.0), (103.0, 83.0), (104.0, 83.0), (105.0, 83.0), (106.0, 83.0), (107.0, 83.0), (108.0, 83.0), (109.0, 83.0), (110.0, 83.0), (111.0, 83.0), (112.0, 83.0), (113.0, 83.0), (113.0, 82.0), (113.0, 81.0), (113.0, 80.0), (114.0, 80.0), (115.0, 80.0), (116.0, 80.0), (117.0, 80.0), (118.0, 80.0), (119.0, 80.0), (120.0, 80.0), (121.0, 80.0), (122.0, 80.0), (123.0, 80.0), (124.0, 80.0), (125.0, 80.0), (126.0, 80.0), (127.0, 80.0), (128.0, 80.0), (129.0, 80.0), (130.0, 80.0), (131.0, 80.0), (132.0, 80.0), (133.0, 80.0), (134.0, 80.0), (134.0, 81.0), (135.0, 81.0), (136.0, 81.0), (136.0, 82.0), (137.0, 82.0), (138.0, 82.0), (139.0, 82.0), (140.0, 82.0), (141.0, 82.0), (142.0, 82.0), (143.0, 82.0), (144.0, 82.0), (145.0, 82.0)]"
"(103.0, 96.0)","(93.0, 96.0)","[(103.0, 96.0), (102.0, 96.0), (101.0, 96.0), (100.0, 96.0), (99.0, 96.0), (98.0, 96.0), (97.0, 96.0), (96.0, 96.0), (95.0, 96.0), (94.0, 96.0), (93.0, 96.0)]"
"(103.0, 96.0)","(129.0, 134.0)","[(103.0, 96.0), (103.0, 97.0), (103.0, 98.0), (103.0, 99.0), (103.0, 100.0), (103.0, 101.0), (103.0, 102.0), (103.0, 103.0), (103.0, 104.0), (103.0, 105.0), (103.0, 106.0), (103.0, 107.0), (103.0, 108.0), (103.0, 109.0), (103.0, 110.0), (103.0, 111.0), (103.0, 112.0), (103.0, 113.0), (103.0, 114.0), (103.0, 115.0), (103.0, 116.0), (103.0, 117.0), (103.0, 118.0), (103.0, 119.0), (104.0, 119.0), (105.0, 119.0), (106.0, 119.0), (107.0, 119.0), (108.0, 119.0), (109.0, 119.0), (110.0, 119.0), (111.0, 119.0), (112.0, 119.0), (113.0, 119.0), (114.0, 119.0), (115.0, 119.0), (116.0, 119.0), (117.0, 119.0), (118.0, 119.0), (119.0, 119.0), (120.0, 119.0), (121.0, 119.0), (122.0, 119.0), (123.0, 119.0), (124.0, 119.0), (125.0, 119.0), (126.0, 119.0), (127.0, 119.0), (128.0, 119.0), (129.0, 119.0), (130.0, 119.0), (131.0, 119.0), (132.0, 119.0), (133.0, 119.0), (134.0, 119.0), (135.0, 119.0), (136.0, 119.0), (136.0, 118.0), (137.0, 118.0), (137.0, 119.0), (137.0, 120.0), (136.0, 120.0), (135.0, 120.0), (134.0, 120.0), (133.0, 120.0), (132.0, 120.0), (131.0, 120.0), (130.0, 120.0), (129.0, 120.0), (129.0, 121.0), (129.0, 122.0), (129.0, 123.0), (129.0, 124.0), (129.0, 125.0), (129.0, 126.0), (129.0, 127.0), (129.0, 128.0), (129.0, 129.0), (129.0, 130.0), (129.0, 131.0), (129.0, 132.0), (129.0, 133.0), (129.0, 134.0)]"
"(165.0, 134.0)","(99.0, 118.0)","[(165.0, 134.0), (164.0, 134.0), (163.0, 134.0), (162.0, 134.0), (161.0, 134.0), (161.0, 133.0), (161.0, 132.0), (161.0, 131.0), (161.0, 130.0), (161.0, 129.0), (161.0, 128.0), (161.0, 127.0), (161.0, 126.0), (161.0, 125.0), (161.0, 124.0), (161.0, 123.0), (161.0, 122.0), (161.0, 121.0), (161.0, 120.0), (160.0, 120.0), (159.0, 120.0), (158.0, 120.0), (157.0, 120.0), (156.0, 120.0), (155.0, 120.0), (154.0, 120.0), (153.0, 120.0), (152.0, 120.0), (151.0, 120.0), (150.0, 120.0), (149.0, 120.0), (148.0, 120.0), (147.0, 120.0), (146.0, 120.0), (145.0, 120.0), (144.0, 120.0), (143.0, 120.0), (142.0, 120.0), (141.0, 120.0), (140.0, 120.0), (139.0, 120.0), (139.0, 119.0), (139.0, 118.0), (139.0, 117.0), (138.0, 117.0), (137.0, 117.0), (136.0, 117.0), (135.0, 117.0), (134.0, 117.0), (133.0, 117.0), (132.0, 117.0), (131.0, 117.0), (130.0, 117.0), (129.0, 117.0), (128.0, 117.0), (127.0, 117.0), (126.0, 117.0), (125.0, 117.0), (124.0, 117.0), (123.0, 117.0), (122.0, 117.0), (121.0, 117.0), (120.0, 117.0), (119.0, 117.0), (118.0, 117.0), (117.0, 117.0), (116.0, 117.0), (115.0, 117.0), (114.0, 117.0), (113.0, 117.0), (112.0, 117.0), (111.0, 117.0), (110.0, 117.0), (109.0, 117.0), (108.0, 117.0), (107.0, 117.0), (106.0, 117.0), (105.0, 117.0), (104.0, 117.0), (103.0, 117.0), (102.0, 117.0), (101.0, 117.0), (100.0, 117.0), (99.0, 117.0), (99.0, 118.0)]"
"(99.0, 118.0)","(97.0, 118.0)","[(99.0, 118.0), (98.0, 118.0), (97.0, 118.0)]"
"(99.0, 118.0)","(99.0, 134.0)","[(99.0, 118.0), (99.0, 119.0), (99.0, 120.0), (99.0, 121.0), (99.0, 122.0), (99.0, 123.0), (99.0, 124.0), (99.0, 125.0), (99.0, 126.0), (99.0, 127.0), (99.0, 128.0), (99.0, 129.0), (99.0, 130.0), (99.0, 131.0), (99.0, 132.0), (99.0, 133.0), (99.0, 134.0)]"
"(143.0, 118.0)","(159.0, 118.0)","[(143.0, 118.0), (144.0, 118.0), (145.0, 118.0), (146.0, 118.0), (147.0, 118.0), (148.0, 118.0), (149.0, 118.0), (150.0, 118.0), (151.0, 118.0), (152.0, 118.0), (153.0, 118.0), (154.0, 118.0), (155.0, 118.0), (156.0, 118.0), (157.0, 118.0), (158.0, 118.0), (159.0, 118.0)]"
"(159.0, 118.0)","(167.0, 118.0)","[(159.0, 118.0), (160.0, 118.0), (161.0, 118.0), (162.0, 118.0), (163.0, 118.0), (164.0, 118.0), (165.0, 118.0), (166.0, 118.0), (167.0, 118.0)]"
"(159.0, 118.0)","(111.0, 82.0)","[(159.0, 118.0), (159.0, 117.0), (159.0, 116.0), (159.0, 115.0), (159.0, 114.0), (159.0, 113.0), (159.0, 112.0), (159.0, 111.0), (159.0, 110.0), (159.0, 109.0), (159.0, 108.0), (159.0, 107.0), (159.0, 106.0), (159.0, 105.0), (159.0, 104.0), (159.0, 103.0), (159.0, 102.0), (159.0, 101.0), (159.0, 100.0), (159.0, 99.0), (159.0, 98.0), (159.0, 97.0), (159.0, 96.0), (158.0, 96.0), (158.0, 95.0), (158.0, 94.0), (158.0, 93.0), (158.0, 92.0), (158.0, 91.0), (158.0, 90.0), (158.0, 89.0), (158.0, 88.0), (158.0, 87.0), (158.0, 86.0), (158.0, 85.0), (158.0, 84.0), (158.0, 83.0), (158.0, 82.0), (159.0, 82.0), (158.0, 82.0), (157.0, 82.0), (156.0, 82.0), (155.0, 82.0), (154.0, 82.0), (153.0, 82.0), (152.0, 82.0), (151.0, 82.0), (150.0, 82.0), (149.0, 82.0), (148.0, 82.0), (147.0, 82.0), (147.0, 83.0), (147.0, 84.0), (146.0, 84.0), (145.0, 84.0), (144.0, 84.0), (143.0, 84.0), (142.0, 84.0), (141.0, 84.0), (140.0, 84.0), (139.0, 84.0), (138.0, 84.0), (137.0, 84.0), (136.0, 84.0), (135.0, 84.0), (134.0, 84.0), (133.0, 84.0), (132.0, 84.0), (131.0, 84.0), (130.0, 84.0), (129.0, 84.0), (128.0, 84.0), (127.0, 84.0), (126.0, 84.0), (125.0, 84.0), (124.0, 84.0), (123.0, 84.0), (122.0, 84.0), (121.0, 84.0), (120.0, 84.0), (119.0, 84.0), (118.0, 84.0), (117.0, 84.0), (116.0, 84.0), (115.0, 84.0), (114.0, 84.0), (113.0, 84.0), (112.0, 84.0), (111.0, 84.0), (111.0, 83.0), (111.0, 82.0)]"
"(159.0, 80.0)","(143.0, 94.0)","[(159.0, 80.0), (159.0, 81.0), (159.0, 82.0), (159.0, 83.0), (159.0, 84.0), (159.0, 85.0), (159.0, 86.0), (159.0, 87.0), (159.0, 88.0), (159.0, 89.0), (159.0, 90.0), (159.0, 91.0), (159.0, 92.0), (159.0, 93.0), (159.0, 94.0), (158.0, 94.0), (157.0, 94.0), (156.0, 94.0), (155.0, 94.0), (154.0, 94.0), (153.0, 94.0), (152.0, 94.0), (151.0, 94.0), (150.0, 94.0), (149.0, 94.0), (148.0, 94.0), (147.0, 94.0), (146.0, 94.0), (145.0, 94.0), (144.0, 94.0), (143.0, 94.0)]"
"(143.0, 94.0)","(165.0, 116.0)","[(143.0, 94.0), (143.0, 95.0), (143.0, 96.0), (143.0, 97.0), (143.0, 98.0), (143.0, 99.0), (143.0, 100.0), (143.0, 101.0), (143.0, 102.0), (143.0, 103.0), (143.0, 104.0), (143.0, 105.0), (143.0, 106.0), (143.0, 107.0), (143.0, 108.0), (143.0, 109.0), (143.0, 110.0), (143.0, 111.0), (143.0, 112.0), (143.0, 113.0), (143.0, 114.0), (143.0, 115.0), (143.0, 116.0), (144.0, 116.0), (145.0, 116.0), (146.0, 116.0), (147.0, 116.0), (148.0, 116.0), (149.0, 116.0), (150.0, 116.0), (151.0, 116.0), (152.0, 116.0), (153.0, 116.0), (154.0, 116.0), (155.0, 116.0), (156.0, 116.0), (157.0, 116.0), (158.0, 116.0), (159.0, 116.0), (160.0, 116.0), (161.0, 116.0), (162.0, 116.0), (163.0, 116.0), (164.0, 116.0), (165.0, 116.0)]"
"(143.0, 94.0)","(111.0, 82.0)","[(143.0, 94.0), (142.0, 94.0), (141.0, 94.0), (140.0, 94.0), (139.0, 94.0), (138.0, 94.0), (137.0, 94.0), (136.0, 94.0), (135.0, 94.0), (134.0, 94.0), (133.0, 94.0), (132.0, 94.0), (131.0, 94.0), (130.0, 94.0), (129.0, 94.0), (128.0, 94.0), (127.0, 94.0), (126.0, 94.0), (125.0, 94.0), (124.0, 94.0), (123.0, 94.0), (122.0, 94.0), (121.0, 94.0), (120.0, 94.0), (119.0, 94.0), (118.0, 94.0), (117.0, 94.0), (116.0, 94.0), (115.0, 94.0), (114.0, 94.0), (113.0, 94.0), (112.0, 94.0), (111.0, 94.0), (111.0, 93.0), (111.0, 92.0), (111.0, 91.0), (111.0, 90.0), (111.0, 89.0), (111.0, 88.0), (111.0, 87.0), (111.0, 86.0), (111.0, 85.0), (110.0, 85.0), (110.0, 84.0), (110.0, 83.0), (110.0, 82.0), (111.0, 82.0)]"
"(87.0, 60.0)","(105.0, 118.0)","[(87.0, 60.0), (87.0, 61.0), (87.0, 62.0), (87.0, 63.0), (87.0, 64.0), (88.0, 64.0), (89.0, 64.0), (90.0, 64.0), (91.0, 64.0), (92.0, 64.0), (93.0, 64.0), (94.0, 64.0), (95.0, 64.0), (96.0, 64.0), (97.0, 64.0), (98.0, 64.0), (99.0, 64.0), (100.0, 64.0), (101.0, 64.0), (102.0, 64.0), (103.0, 64.0), (103.0, 63.0), (104.0, 63.0), (105.0, 63.0), (106.0, 63.0), (107.0, 63.0), (107.0, 62.0), (108.0, 62.0), (109.0, 62.0), (110.0, 62.0), (111.0, 62.0), (112.0, 62.0), (113.0, 62.0), (114.0, 62.0), (115.0, 62.0), (116.0, 62.0), (117.0, 62.0), (118.0, 62.0), (119.0, 62.0), (120.0, 62.0), (121.0, 62.0), (122.0, 62.0), (123.0, 62.0), (124.0, 62.0), (125.0, 62.0), (126.0, 62.0), (127.0, 62.0), (128.0, 62.0), (129.0, 62.0), (130.0, 62.0), (131.0, 62.0), (132.0, 62.0), (133.0, 62.0), (134.0, 62.0), (135.0, 62.0), (135.0, 63.0), (135.0, 64.0), (135.0, 65.0), (135.0, 66.0), (135.0, 67.0), (135.0, 68.0), (135.0, 69.0), (135.0, 70.0), (135.0, 71.0), (135.0, 72.0), (135.0, 73.0), (135.0, 74.0), (135.0, 75.0), (135.0, 76.0), (135.0, 77.0), (135.0, 78.0), (135.0, 79.0), (136.0, 79.0), (136.0, 80.0), (137.0, 80.0), (138.0, 80.0), (138.0, 81.0), (138.0, 82.0), (138.0, 83.0), (138.0, 84.0), (138.0, 85.0), (137.0, 85.0), (136.0, 85.0), (135.0, 85.0), (135.0, 84.0), (135.0, 83.0), (135.0, 82.0), (134.0, 82.0), (134.0, 83.0), (134.0, 84.0), (134.0, 85.0), (134.0, 86.0), (134.0, 87.0), (134.0, 88.0), (134.0, 89.0), (134.0, 90.0), (134.0, 91.0), (134.0, 92.0), (134.0, 93.0), (134.0, 94.0), (134.0, 95.0), (134.0, 96.0), (134.0, 97.0), (134.0, 98.0), (134.0, 99.0), (134.0, 100.0), (134.0, 101.0), (134.0, 102.0), (134.0, 103.0), (134.0, 104.0), (134.0, 105.0), (134.0, 106.0), (134.0, 107.0), (134.0, 108.0), (134.0, 109.0), (134.0, 110.0), (134.0, 111.0), (134.0, 112.0), (134.0, 113.0), (134.0, 114.0), (134.0, 115.0), (134.0, 116.0), (134.0, 117.0), (134.0, 118.0), (135.0, 118.0), (134.0, 118.0), (133.0, 118.0), (133.0, 119.0), (133.0, 120.0), (133.0, 121.0), (133.0, 122.0), (133.0, 123.0), (133.0, 124.0), (133.0, 125.0), (133.0, 126.0), (133.0, 127.0), (133.0, 128.0), (133.0, 129.0), (133.0, 130.0), (133.0, 131.0), (133.0, 132.0), (132.0, 132.0), (131.0, 132.0), (130.0, 132.0), (129.0, 132.0), (128.0, 132.0), (127.0, 132.0), (126.0, 132.0), (125.0, 132.0), (124.0, 132.0), (123.0, 132.0), (122.0, 132.0), (121.0, 132.0), (120.0, 132.0), (119.0, 132.0), (118.0, 132.0), (117.0, 132.0), (116.0, 132.0), (115.0, 132.0), (114.0, 132.0), (113.0, 132.0), (112.0, 132.0), (111.0, 132.0), (110.0, 132.0), (109.0, 132.0), (108.0, 132.0), (107.0, 132.0), (106.0, 132.0), (105.0, 132.0), (104.0, 132.0), (103.0, 132.0), (103.0, 131.0), (103.0, 130.0), (103.0, 129.0), (103.0, 128.0), (103.0, 127.0), (103.0, 126.0), (103.0, 125.0), (103.0, 124.0), (103.0, 123.0), (103.0, 122.0), (103.0, 121.0), (104.0, 121.0), (105.0, 121.0), (105.0, 120.0), (105.0, 119.0), (105.0, 118.0)]"
"(101.0, 62.0)","(91.0, 82.0)","[(101.0, 62.0), (100.0, 62.0), (99.0, 62.0), (99.0, 63.0), (98.0, 63.0), (97.0, 63.0), (96.0, 63.0), (95.0, 63.0), (94.0, 63.0), (93.0, 63.0), (92.0, 63.0), (91.0, 63.0), (91.0, 64.0), (91.0, 65.0), (91.0, 66.0), (91.0, 67.0), (91.0, 68.0), (91.0, 69.0), (91.0, 70.0), (91.0, 71.0), (91.0, 72.0), (91.0, 73.0), (91.0, 74.0), (91.0, 75.0), (91.0, 76.0), (91.0, 77.0), (91.0, 78.0), (91.0, 79.0), (91.0, 80.0), (91.0, 81.0), (91.0, 82.0)]"
"(91.0, 82.0)","(87.0, 82.0)","[(91.0, 82.0), (90.0, 82.0), (89.0, 82.0), (88.0, 82.0), (87.0, 82.0)]"
"(91.0, 82.0)","(101.0, 118.0)","[(91.0, 82.0), (91.0, 83.0), (91.0, 84.0), (91.0, 85.0), (91.0, 86.0), (91.0, 87.0), (91.0, 88.0), (91.0, 89.0), (91.0, 90.0), (91.0, 91.0), (91.0, 92.0), (91.0, 93.0), (91.0, 94.0), (91.0, 95.0), (91.0, 96.0), (91.0, 97.0), (91.0, 98.0), (92.0, 98.0), (93.0, 98.0), (94.0, 98.0), (95.0, 98.0), (96.0, 98.0), (97.0, 98.0), (97.0, 99.0), (97.0, 100.0), (97.0, 101.0), (97.0, 102.0), (97.0, 103.0), (97.0, 104.0), (97.0, 105.0), (97.0, 106.0), (97.0, 107.0), (97.0, 108.0), (97.0, 109.0), (97.0, 110.0), (97.0, 111.0), (97.0, 112.0), (97.0, 113.0), (97.0, 114.0), (97.0, 115.0), (97.0, 116.0), (98.0, 116.0), (99.0, 116.0), (100.0, 116.0), (100.0, 117.0), (100.0, 118.0), (101.0, 118.0)]"
"(151.0, 86.0)","(149.0, 62.0)","[(151.0, 86.0), (150.0, 86.0), (149.0, 86.0), (149.0, 85.0), (149.0, 84.0), (149.0, 83.0), (149.0, 82.0), (149.0, 81.0), (149.0, 80.0), (149.0, 79.0), (149.0, 78.0), (149.0, 77.0), (149.0, 76.0), (149.0, 75.0), (149.0, 74.0), (149.0, 73.0), (149.0, 72.0), (149.0, 71.0), (149.0, 70.0), (149.0, 69.0), (149.0, 68.0), (149.0, 67.0), (149.0, 66.0), (149.0, 65.0), (149.0, 64.0), (149.0, 63.0), (149.0, 62.0)]"
"(145.0, 62.0)","(137.0, 58.0)","[(145.0, 62.0), (144.0, 62.0), (143.0, 62.0), (142.0, 62.0), (141.0, 62.0), (140.0, 62.0), (139.0, 62.0), (138.0, 62.0), (137.0, 62.0), (137.0, 61.0), (137.0, 60.0), (137.0, 59.0), (137.0, 58.0)]"
"(85.0, 58.0)","(77.0, 82.0)","[(85.0, 58.0), (84.0, 58.0), (83.0, 58.0), (82.0, 58.0), (81.0, 58.0), (80.0, 58.0), (79.0, 58.0), (78.0, 58.0), (77.0, 58.0), (77.0, 59.0), (77.0, 60.0), (77.0, 61.0), (77.0, 62.0), (77.0, 63.0), (77.0, 64.0), (77.0, 65.0), (77.0, 66.0), (77.0, 67.0), (77.0, 68.0), (77.0, 69.0), (77.0, 70.0), (77.0, 71.0), (77.0, 72.0), (77.0, 73.0), (77.0, 74.0), (77.0, 75.0), (77.0, 76.0), (77.0, 77.0), (77.0, 78.0), (77.0, 79.0), (77.0, 80.0), (77.0, 81.0), (77.0, 82.0)]"
"(73.0, 82.0)","(97.0, 86.0)","[(73.0, 82.0), (73.0, 83.0), (73.0, 84.0), (73.0, 85.0), (73.0, 86.0), (74.0, 86.0), (75.0, 86.0), (76.0, 86.0), (77.0, 86.0), (78.0, 86.0), (79.0, 86.0), (80.0, 86.0), (81.0, 86.0), (82.0, 86.0), (83.0, 86.0), (84.0, 86.0), (85.0, 86.0), (86.0, 86.0), (87.0, 86.0), (88.0, 86.0), (89.0, 86.0), (90.0, 86.0), (91.0, 86.0), (92.0, 86.0), (93.0, 86.0), (94.0, 86.0), (95.0, 86.0), (96.0, 86.0), (97.0, 86.0)]"
"(37.0, 82.0)","(105.0, 86.0)","[(37.0, 82.0), (37.0, 83.0), (37.0, 84.0), (37.0, 85.0), (38.0, 85.0), (39.0, 85.0), (40.0, 85.0), (41.0, 85.0), (42.0, 85.0), (43.0, 85.0), (44.0, 85.0), (45.0, 85.0), (46.0, 85.0), (47.0, 85.0), (48.0, 85.0), (49.0, 85.0), (50.0, 85.0), (51.0, 85.0), (52.0, 85.0), (53.0, 85.0), (54.0, 85.0), (55.0, 85.0), (56.0, 85.0), (57.0, 85.0), (58.0, 85.0), (59.0, 85.0), (60.0, 85.0), (61.0, 85.0), (62.0, 85.0), (63.0, 85.0), (64.0, 85.0), (65.0, 85.0), (66.0, 85.0), (67.0, 85.0), (68.0, 85.0), (69.0, 85.0), (70.0, 85.0), (71.0, 85.0), (72.0, 85.0), (73.0, 85.0), (74.0, 85.0), (75.0, 85.0), (76.0, 85.0), (77.0, 85.0), (78.0, 85.0), (79.0, 85.0), (80.0, 85.0), (81.0, 85.0), (82.0, 85.0), (83.0, 85.0), (84.0, 85.0), (85.0, 85.0), (86.0, 85.0), (87.0, 85.0), (88.0, 85.0), (89.0, 85.0), (90.0, 85.0), (91.0, 85.0), (92.0, 85.0), (93.0, 85.0), (94.0, 85.0), (95.0, 85.0), (96.0, 85.0), (97.0, 85.0), (98.0, 85.0), (98.0, 86.0), (99.0, 86.0), (100.0, 86.0), (101.0, 86.0), (102.0, 86.0), (103.0, 86.0), (104.0, 86.0), (105.0, 86.0)]"
"(67.0, 84.0)","(53.0, 82.0)","[(67.0, 84.0), (66.0, 84.0), (65.0, 84.0), (64.0, 84.0), (63.0, 84.0), (62.0, 84.0), (61.0, 84.0), (60.0, 84.0), (59.0, 84.0), (58.0, 84.0), (57.0, 84.0), (56.0, 84.0), (55.0, 84.0), (54.0, 84.0), (53.0, 84.0), (53.0, 83.0), (53.0, 82.0)]"
"(159.0, 122.0)","(147.0, 134.0)","[(159.0, 122.0), (158.0, 122.0), (157.0, 122.0), (156.0, 122.0), (155.0, 122.0), (154.0, 122.0), (153.0, 122.0), (152.0, 122.0), (151.0, 122.0), (150.0, 122.0), (149.0, 122.0), (149.0, 123.0), (148.0, 123.0), (147.0, 123.0), (147.0, 124.0), (147.0, 125.0), (147.0, 126.0), (147.0, 127.0), (147.0, 128.0), (147.0, 129.0), (147.0, 130.0), (147.0, 131.0), (147.0, 132.0), (147.0, 133.0), (147.0, 134.0)]"
"(143.0, 134.0)","(135.0, 130.0)","[(143.0, 134.0), (143.0, 133.0), (142.0, 133.0), (141.0, 133.0), (140.0, 133.0), (139.0, 133.0), (138.0, 133.0), (137.0, 133.0), (136.0, 133.0), (135.0, 133.0), (135.0, 132.0), (135.0, 131.0), (135.0, 130.0)]"
"(47.0, 96.0)","(59.0, 130.0)","[(47.0, 96.0), (47.0, 97.0), (47.0, 98.0), (47.0, 99.0), (47.0, 100.0), (47.0, 101.0), (47.0, 102.0), (47.0, 103.0), (47.0, 104.0), (47.0, 105.0), (47.0, 106.0), (47.0, 107.0), (47.0, 108.0), (47.0, 109.0), (47.0, 110.0), (47.0, 111.0), (47.0, 112.0), (47.0, 113.0), (47.0, 114.0), (47.0, 115.0), (47.0, 116.0), (47.0, 117.0), (47.0, 118.0), (47.0, 119.0), (47.0, 120.0), (47.0, 121.0), (47.0, 122.0), (47.0, 123.0), (47.0, 124.0), (47.0, 125.0), (47.0, 126.0), (47.0, 127.0), (47.0, 128.0), (47.0, 129.0), (47.0, 130.0), (48.0, 130.0), (49.0, 130.0), (50.0, 130.0), (51.0, 130.0), (52.0, 130.0), (53.0, 130.0), (54.0, 130.0), (55.0, 130.0), (56.0, 130.0), (57.0, 130.0), (58.0, 130.0), (59.0, 130.0)]"
"(147.0, 122.0)","(141.0, 122.0)","[(147.0, 122.0), (146.0, 122.0), (145.0, 122.0), (144.0, 122.0), (143.0, 122.0), (142.0, 122.0), (141.0, 122.0)]"
"(141.0, 122.0)","(141.0, 134.0)","[(141.0, 122.0), (141.0, 123.0), (141.0, 124.0), (141.0, 125.0), (141.0, 126.0), (141.0, 127.0), (141.0, 128.0), (141.0, 129.0), (141.0, 130.0), (141.0, 131.0), (141.0, 132.0), (141.0, 133.0), (141.0, 134.0)]"
"(141.0, 122.0)","(25.0, 98.0)","[(141.0, 122.0), (140.0, 122.0), (139.0, 122.0), (138.0, 122.0), (137.0, 122.0), (136.0, 122.0), (135.0, 122.0), (134.0, 122.0), (133.0, 122.0), (132.0, 122.0), (131.0, 122.0), (130.0, 122.0), (129.0, 122.0), (128.0, 122.0), (127.0, 122.0), (126.0, 122.0), (125.0, 122.0), (124.0, 122.0), (123.0, 122.0), (122.0, 122.0), (121.0, 122.0), (120.0, 122.0), (119.0, 122.0), (118.0, 122.0), (117.0, 122.0), (116.0, 122.0), (115.0, 122.0), (114.0, 122.0), (113.0, 122.0), (112.0, 122.0), (111.0, 122.0), (110.0, 122.0), (109.0, 122.0), (108.0, 122.0), (107.0, 122.0), (106.0, 122.0), (105.0, 122.0), (104.0, 122.0), (103.0, 122.0), (102.0, 122.0), (101.0, 122.0), (100.0, 122.0), (99.0, 122.0), (98.0, 122.0), (97.0, 122.0), (96.0, 122.0), (95.0, 122.0), (95.0, 121.0), (94.0, 121.0), (93.0, 121.0), (92.0, 121.0), (91.0, 121.0), (90.0, 121.0), (89.0, 121.0), (88.0, 121.0), (87.0, 121.0), (86.0, 121.0), (85.0, 121.0), (84.0, 121.0), (83.0, 121.0), (82.0, 121.0), (81.0, 121.0), (80.0, 121.0), (79.0, 121.0), (78.0, 121.0), (77.0, 121.0), (76.0, 121.0), (75.0, 121.0), (74.0, 121.0), (73.0, 121.0), (72.0, 121.0), (71.0, 121.0), (70.0, 121.0), (69.0, 121.0), (68.0, 121.0), (67.0, 121.0), (66.0, 121.0), (65.0, 121.0), (64.0, 121.0), (63.0, 121.0), (62.0, 121.0), (61.0, 121.0), (60.0, 121.0), (59.0, 121.0), (58.0, 121.0), (57.0, 121.0), (56.0, 121.0), (55.0, 121.0), (54.0, 121.0), (53.0, 121.0), (52.0, 121.0), (51.0, 121.0), (50.0, 121.0), (49.0, 121.0), (48.0, 121.0), (47.0, 121.0), (46.0, 121.0), (45.0, 121.0), (44.0, 121.0), (43.0, 121.0), (42.0, 121.0), (41.0, 121.0), (40.0, 121.0), (39.0, 121.0), (38.0, 121.0), (37.0, 121.0), (36.0, 121.0), (35.0, 121.0), (34.0, 121.0), (33.0, 121.0), (32.0, 121.0), (31.0, 121.0), (30.0, 121.0), (29.0, 121.0), (28.0, 121.0), (27.0, 121.0), (26.0, 121.0), (25.0, 121.0), (25.0, 120.0), (25.0, 119.0), (25.0, 118.0), (25.0, 117.0), (25.0, 116.0), (25.0, 115.0), (25.0, 114.0), (25.0, 113.0), (25.0, 112.0), (25.0, 111.0), (25.0, 110.0), (25.0, 109.0), (25.0, 108.0), (25.0, 107.0), (25.0, 106.0), (25.0, 105.0), (25.0, 104.0), (25.0, 103.0), (25.0, 102.0), (25.0, 101.0), (25.0, 100.0), (25.0, 99.0), (25.0, 98.0)]"
"(9.0, 98.0)","(11.0, 84.0)","[(9.0, 98.0), (9.0, 97.0), (9.0, 96.0), (9.0, 95.0), (9.0, 94.0), (9.0, 93.0), (9.0, 92.0), (9.0, 91.0), (9.0, 90.0), (9.0, 89.0), (9.0, 88.0), (9.0, 87.0), (9.0, 86.0), (9.0, 85.0), (9.0, 84.0), (10.0, 84.0), (11.0, 84.0)]"
"(93.0, 58.0)","(71.0, 58.0)","[(93.0, 58.0), (92.0, 58.0), (91.0, 58.0), (90.0, 58.0), (89.0, 58.0), (88.0, 58.0), (87.0, 58.0), (87.0, 57.0), (86.0, 57.0), (85.0, 57.0), (84.0, 57.0), (83.0, 57.0), (82.0, 57.0), (81.0, 57.0), (80.0, 57.0), (79.0, 57.0), (78.0, 57.0), (77.0, 57.0), (76.0, 57.0), (75.0, 57.0), (74.0, 57.0), (73.0, 57.0), (72.0, 57.0), (71.0, 57.0), (71.0, 58.0)]"
"(71.0, 58.0)","(71.0, 82.0)","[(71.0, 58.0), (71.0, 59.0), (71.0, 60.0), (71.0, 61.0), (71.0, 62.0), (71.0, 63.0), (71.0, 64.0), (71.0, 65.0), (71.0, 66.0), (71.0, 67.0), (71.0, 68.0), (71.0, 69.0), (71.0, 70.0), (71.0, 71.0), (71.0, 72.0), (71.0, 73.0), (71.0, 74.0), (71.0, 75.0), (71.0, 76.0), (71.0, 77.0), (71.0, 78.0), (71.0, 79.0), (71.0, 80.0), (71.0, 81.0), (71.0, 82.0)]"
"(71.0, 58.0)","(31.0, 24.0)","[(71.0, 58.0), (70.0, 58.0), (69.0, 58.0), (68.0, 58.0), (67.0, 58.0), (66.0, 58.0), (65.0, 58.0), (64.0, 58.0), (63.0, 58.0), (62.0, 58.0), (61.0, 58.0), (60.0, 58.0), (59.0, 58.0), (58.0, 58.0), (57.0, 58.0), (56.0, 58.0), (55.0, 58.0), (54.0, 58.0), (53.0, 58.0), (52.0, 58.0), (51.0, 58.0), (50.0, 58.0), (49.0, 58.0), (48.0, 58.0), (47.0, 58.0), (46.0, 58.0), (45.0, 58.0), (44.0, 58.0), (43.0, 58.0), (42.0, 58.0), (41.0, 58.0), (40.0, 58.0), (39.0, 58.0), (38.0, 58.0), (37.0, 58.0), (36.0, 58.0), (35.0, 58.0), (34.0, 58.0), (33.0, 58.0), (32.0, 58.0), (31.0, 58.0), (31.0, 57.0), (31.0, 56.0), (31.0, 55.0), (31.0, 54.0), (31.0, 53.0), (31.0, 52.0), (31.0, 51.0), (31.0, 50.0), (31.0, 49.0), (31.0, 48.0), (31.0, 47.0), (31.0, 46.0), (31.0, 45.0), (31.0, 44.0), (31.0, 43.0), (31.0, 42.0), (31.0, 41.0), (31.0, 40.0), (31.0, 39.0), (31.0, 38.0), (31.0, 37.0), (31.0, 36.0), (31.0, 35.0), (31.0, 34.0), (31.0, 33.0), (31.0, 32.0), (31.0, 31.0), (31.0, 30.0), (31.0, 29.0), (31.0, 28.0), (31.0, 27.0), (31.0, 26.0), (31.0, 25.0), (31.0, 24.0)]"
"(139.0, 60.0)","(69.0, 26.0)","[(139.0, 60.0), (138.0, 60.0), (138.0, 59.0), (137.0, 59.0), (136.0, 59.0), (135.0, 59.0), (134.0, 59.0), (133.0, 59.0), (132.0, 59.0), (131.0, 59.0), (130.0, 59.0), (129.0, 59.0), (128.0, 59.0), (127.0, 59.0), (126.0, 59.0), (125.0, 59.0), (124.0, 59.0), (123.0, 59.0), (122.0, 59.0), (121.0, 59.0), (120.0, 59.0), (119.0, 59.0), (118.0, 59.0), (117.0, 59.0), (116.0, 59.0), (115.0, 59.0), (114.0, 59.0), (113.0, 59.0), (112.0, 59.0), (111.0, 59.0), (110.0, 59.0), (109.0, 59.0), (108.0, 59.0), (107.0, 59.0), (106.0, 59.0), (105.0, 59.0), (104.0, 59.0), (103.0, 59.0), (102.0, 59.0), (101.0, 59.0), (100.0, 59.0), (99.0, 59.0), (98.0, 59.0), (97.0, 59.0), (96.0, 59.0), (95.0, 59.0), (94.0, 59.0), (93.0, 59.0), (92.0, 59.0), (91.0, 59.0), (90.0, 59.0), (89.0, 59.0), (88.0, 59.0), (87.0, 59.0), (86.0, 59.0), (85.0, 59.0), (84.0, 59.0), (83.0, 59.0), (82.0, 59.0), (81.0, 59.0), (80.0, 59.0), (79.0, 59.0), (79.0, 58.0), (79.0, 57.0), (79.0, 56.0), (78.0, 56.0), (77.0, 56.0), (76.0, 56.0), (75.0, 56.0), (74.0, 56.0), (73.0, 56.0), (72.0, 56.0), (71.0, 56.0), (70.0, 56.0), (69.0, 56.0), (69.0, 55.0), (69.0, 54.0), (69.0, 53.0), (69.0, 52.0), (69.0, 51.0), (69.0, 50.0), (69.0, 49.0), (69.0, 48.0), (69.0, 47.0), (69.0, 46.0), (69.0, 45.0), (69.0, 44.0), (69.0, 43.0), (69.0, 42.0), (69.0, 41.0), (69.0, 40.0), (69.0, 39.0), (69.0, 38.0), (69.0, 37.0), (69.0, 36.0), (69.0, 35.0), (69.0, 34.0), (69.0, 33.0), (69.0, 32.0), (69.0, 31.0), (69.0, 30.0), (69.0, 29.0), (69.0, 28.0), (69.0, 27.0), (69.0, 26.0)]"
"(57.0, 94.0)","(15.0, 60.0)","[(57.0, 94.0), (56.0, 94.0), (55.0, 94.0), (54.0, 94.0), (53.0, 94.0), (52.0, 94.0), (51.0, 94.0), (50.0, 94.0), (49.0, 94.0), (48.0, 94.0), (47.0, 94.0), (46.0, 94.0), (45.0, 94.0), (44.0, 94.0), (43.0, 94.0), (42.0, 94.0), (41.0, 94.0), (40.0, 94.0), (39.0, 94.0), (38.0, 94.0), (37.0, 94.0), (36.0, 94.0), (35.0, 94.0), (34.0, 94.0), (33.0, 94.0), (32.0, 94.0), (31.0, 94.0), (30.0, 94.0), (29.0, 94.0), (28.0, 94.0), (27.0, 94.0), (26.0, 94.0), (25.0, 94.0), (24.0, 94.0), (23.0, 94.0), (22.0, 94.0), (21.0, 94.0), (20.0, 94.0), (19.0, 94.0), (18.0, 94.0), (17.0, 94.0), (16.0, 94.0), (15.0, 94.0), (15.0, 93.0), (15.0, 92.0), (15.0, 91.0), (15.0, 90.0), (15.0, 89.0), (15.0, 88.0), (15.0, 87.0), (15.0, 86.0), (15.0, 85.0), (15.0, 84.0), (15.0, 83.0), (15.0, 82.0), (15.0, 81.0), (15.0, 80.0), (15.0, 79.0), (15.0, 78.0), (15.0, 77.0), (15.0, 76.0), (15.0, 75.0), (15.0, 74.0), (15.0, 73.0), (15.0, 72.0), (15.0, 71.0), (15.0, 70.0), (15.0, 69.0), (15.0, 68.0), (15.0, 67.0), (15.0, 66.0), (15.0, 65.0), (15.0, 64.0), (15.0, 63.0), (15.0, 62.0), (15.0, 61.0), (15.0, 60.0)]"
"(5.0, 78.0)","(37.0, 64.0)","[(5.0, 78.0), (5.0, 77.0), (5.0, 76.0), (5.0, 75.0), (5.0, 74.0), (5.0, 73.0), (5.0, 72.0), (5.0, 71.0), (5.0, 70.0), (5.0, 69.0), (5.0, 68.0), (5.0, 67.0), (5.0, 66.0), (5.0, 65.0), (5.0, 64.0), (6.0, 64.0), (7.0, 64.0), (8.0, 64.0), (9.0, 64.0), (10.0, 64.0), (11.0, 64.0), (12.0, 64.0), (13.0, 64.0), (14.0, 64.0), (15.0, 64.0), (16.0, 64.0), (17.0, 64.0), (18.0, 64.0), (19.0, 64.0), (20.0, 64.0), (21.0, 64.0), (22.0, 64.0), (23.0, 64.0), (24.0, 64.0), (25.0, 64.0), (26.0, 64.0), (27.0, 64.0), (28.0, 64.0), (29.0, 64.0), (30.0, 64.0), (31.0, 64.0), (32.0, 64.0), (33.0, 64.0), (34.0, 64.0), (35.0, 64.0), (36.0, 64.0), (37.0, 64.0)]"
"(25.0, 28.0)","(53.0, 62.0)","[(25.0, 28.0), (25.0, 29.0), (25.0, 30.0), (25.0, 31.0), (25.0, 32.0), (25.0, 33.0), (25.0, 34.0), (25.0, 35.0), (25.0, 36.0), (25.0, 37.0), (25.0, 38.0), (25.0, 39.0), (25.0, 40.0), (26.0, 40.0), (27.0, 40.0), (28.0, 40.0), (29.0, 40.0), (30.0, 40.0), (31.0, 40.0), (32.0, 40.0), (33.0, 40.0), (34.0, 40.0), (35.0, 40.0), (36.0, 40.0), (37.0, 40.0), (38.0, 40.0), (39.0, 40.0), (40.0, 40.0), (41.0, 40.0), (42.0, 40.0), (43.0, 40.0), (44.0, 40.0), (45.0, 40.0), (46.0, 40.0), (47.0, 40.0), (48.0, 40.0), (49.0, 40.0), (50.0, 40.0), (51.0, 40.0), (52.0, 40.0), (53.0, 40.0), (53.0, 41.0), (53.0, 42.0), (53.0, 43.0), (53.0, 44.0), (53.0, 45.0), (53.0, 46.0), (53.0, 47.0), (53.0, 48.0), (53.0, 49.0), (53.0, 50.0), (53.0, 51.0), (53.0, 52.0), (53.0, 53.0), (53.0, 54.0), (53.0, 55.0), (53.0, 56.0), (53.0, 57.0), (53.0, 58.0), (53.0, 59.0), (53.0, 60.0), (53.0, 61.0), (53.0, 62.0)]"
"(153.0, 76.0)","(155.0, 28.0)","[(153.0, 76.0), (153.0, 75.0), (153.0, 74.0), (153.0, 73.0), (153.0, 72.0), (153.0, 71.0), (153.0, 70.0), (153.0, 69.0), (153.0, 68.0), (153.0, 67.0), (153.0, 66.0), (153.0, 65.0), (153.0, 64.0), (153.0, 63.0), (153.0, 62.0), (153.0, 61.0), (153.0, 60.0), (153.0, 59.0), (153.0, 58.0), (153.0, 57.0), (153.0, 56.0), (153.0, 55.0), (153.0, 54.0), (153.0, 53.0), (153.0, 52.0), (153.0, 51.0), (153.0, 50.0), (153.0, 49.0), (153.0, 48.0), (153.0, 47.0), (153.0, 46.0), (153.0, 45.0), (153.0, 44.0), (153.0, 43.0), (153.0, 42.0), (153.0, 41.0), (153.0, 40.0), (153.0, 39.0), (153.0, 38.0), (153.0, 37.0), (153.0, 36.0), (153.0, 35.0), (153.0, 34.0), (153.0, 33.0), (153.0, 32.0), (153.0, 31.0), (153.0, 30.0), (153.0, 29.0), (153.0, 28.0), (154.0, 28.0), (155.0, 28.0)]"
"(143.0, 76.0)","(171.0, 28.0)","[(143.0, 76.0), (143.0, 75.0), (143.0, 74.0), (143.0, 73.0), (143.0, 72.0), (143.0, 71.0), (143.0, 70.0), (143.0, 69.0), (143.0, 68.0), (143.0, 67.0), (143.0, 66.0), (143.0, 65.0), (143.0, 64.0), (143.0, 63.0), (143.0, 62.0), (143.0, 61.0), (143.0, 60.0), (143.0, 59.0), (143.0, 58.0), (143.0, 57.0), (143.0, 56.0), (143.0, 55.0), (143.0, 54.0), (143.0, 53.0), (143.0, 52.0), (143.0, 51.0), (143.0, 50.0), (143.0, 49.0), (143.0, 48.0), (143.0, 47.0), (143.0, 46.0), (143.0, 45.0), (143.0, 44.0), (143.0, 43.0), (143.0, 42.0), (143.0, 41.0), (143.0, 40.0), (143.0, 39.0), (143.0, 38.0), (143.0, 37.0), (143.0, 36.0), (143.0, 35.0), (143.0, 34.0), (143.0, 33.0), (143.0, 32.0), (143.0, 31.0), (143.0, 30.0), (143.0, 29.0), (144.0, 29.0), (145.0, 29.0), (146.0, 29.0), (147.0, 29.0), (148.0, 29.0), (149.0, 29.0), (150.0, 29.0), (151.0, 29.0), (152.0, 29.0), (153.0, 29.0), (154.0, 29.0), (155.0, 29.0), (156.0, 29.0), (156.0, 28.0), (157.0, 28.0), (158.0, 28.0), (159.0, 28.0), (160.0, 28.0), (161.0, 28.0), (162.0, 28.0), (163.0, 28.0), (164.0, 28.0), (165.0, 28.0), (166.0, 28.0), (167.0, 28.0), (168.0, 28.0), (169.0, 28.0), (170.0, 28.0), (171.0, 28.0)]"
"(55.0, 12.0)","(5.0, 58.0)","[(55.0, 12.0), (54.0, 12.0), (53.0, 12.0), (52.0, 12.0), (51.0, 12.0), (50.0, 12.0), (49.0, 12.0), (48.0, 12.0), (47.0, 12.0), (46.0, 12.0), (45.0, 12.0), (44.0, 12.0), (43.0, 12.0), (42.0, 12.0), (41.0, 12.0), (40.0, 12.0), (39.0, 12.0), (38.0, 12.0), (37.0, 12.0), (36.0, 12.0), (35.0, 12.0), (34.0, 12.0), (33.0, 12.0), (32.0, 12.0), (31.0, 12.0), (30.0, 12.0), (29.0, 12.0), (28.0, 12.0), (27.0, 12.0), (26.0, 12.0), (25.0, 12.0), (24.0, 12.0), (23.0, 12.0), (22.0, 12.0), (21.0, 12.0), (20.0, 12.0), (19.0, 12.0), (18.0, 12.0), (17.0, 12.0), (16.0, 12.0), (15.0, 12.0), (14.0, 12.0), (13.0, 12.0), (12.0, 12.0), (11.0, 12.0), (10.0, 12.0), (9.0, 12.0), (8.0, 12.0), (7.0, 12.0), (6.0, 12.0), (5.0, 12.0), (5.0, 13.0), (5.0, 14.0), (5.0, 15.0), (5.0, 16.0), (5.0, 17.0), (5.0, 18.0), (5.0, 19.0), (5.0, 20.0), (5.0, 21.0), (5.0, 22.0), (5.0, 23.0), (5.0, 24.0), (5.0, 25.0), (5.0, 26.0), (5.0, 27.0), (5.0, 28.0), (5.0, 29.0), (5.0, 30.0), (5.0, 31.0), (5.0, 32.0), (5.0, 33.0), (5.0, 34.0), (5.0, 35.0), (5.0, 36.0), (5.0, 37.0), (5.0, 38.0), (5.0, 39.0), (5.0, 40.0), (5.0, 41.0), (5.0, 42.0), (5.0, 43.0), (5.0, 44.0), (5.0, 45.0), (5.0, 46.0), (5.0, 47.0), (5.0, 48.0), (5.0, 49.0), (5.0, 50.0), (5.0, 51.0), (5.0, 52.0), (5.0, 53.0), (5.0, 54.0), (5.0, 55.0), (5.0, 56.0), (5.0, 57.0), (5.0, 58.0)]"
"(21.0, 22.0)","(33.0, 10.0)","[(21.0, 22.0), (21.0, 21.0), (21.0, 20.0), (21.0, 19.0), (21.0, 18.0), (21.0, 17.0), (21.0, 16.0), (21.0, 15.0), (21.0, 14.0), (21.0, 13.0), (21.0, 12.0), (21.0, 11.0), (21.0, 10.0), (22.0, 10.0), (23.0, 10.0), (24.0, 10.0), (25.0, 10.0), (26.0, 10.0), (27.0, 10.0), (28.0, 10.0), (29.0, 10.0), (30.0, 10.0), (31.0, 10.0), (32.0, 10.0), (33.0, 10.0)]"
"(127.0, 24.0)","(17.0, 10.0)","[(127.0, 24.0), (126.0, 24.0), (125.0, 24.0), (124.0, 24.0), (123.0, 24.0), (122.0, 24.0), (121.0, 24.0), (120.0, 24.0), (119.0, 24.0), (118.0, 24.0), (117.0, 24.0), (116.0, 24.0), (115.0, 24.0), (114.0, 24.0), (113.0, 24.0), (112.0, 24.0), (111.0, 24.0), (110.0, 24.0), (109.0, 24.0), (108.0, 24.0), (107.0, 24.0), (106.0, 24.0), (105.0, 24.0), (104.0, 24.0), (103.0, 24.0), (102.0, 24.0), (101.0, 24.0), (100.0, 24.0), (99.0, 24.0), (98.0, 24.0), (97.0, 24.0), (97.0, 23.0), (96.0, 23.0), (95.0, 23.0), (94.0, 23.0), (93.0, 23.0), (92.0, 23.0), (91.0, 23.0), (90.0, 23.0), (89.0, 23.0), (88.0, 23.0), (87.0, 23.0), (86.0, 23.0), (85.0, 23.0), (84.0, 23.0), (83.0, 23.0), (82.0, 23.0), (81.0, 23.0), (80.0, 23.0), (79.0, 23.0), (78.0, 23.0), (77.0, 23.0), (76.0, 23.0), (75.0, 23.0), (74.0, 23.0), (73.0, 23.0), (72.0, 23.0), (71.0, 23.0), (70.0, 23.0), (69.0, 23.0), (68.0, 23.0), (67.0, 23.0), (66.0, 23.0), (65.0, 23.0), (64.0, 23.0), (63.0, 23.0), (62.0, 23.0), (61.0, 23.0), (60.0, 23.0), (59.0, 23.0), (58.0, 23.0), (57.0, 23.0), (56.0, 23.0), (55.0, 23.0), (54.0, 23.0), (53.0, 23.0), (52.0, 23.0), (51.0, 23.0), (50.0, 23.0), (49.0, 23.0), (48.0, 23.0), (47.0, 23.0), (46.0, 23.0), (45.0, 23.0), (44.0, 23.0), (43.0, 23.0), (42.0, 23.0), (41.0, 23.0), (40.0, 23.0), (39.0, 23.0), (38.0, 23.0), (37.0, 23.0), (36.0, 23.0), (35.0, 23.0), (34.0, 23.0), (33.0, 23.0), (32.0, 23.0), (31.0, 23.0), (30.0, 23.0), (29.0, 23.0), (28.0, 23.0), (27.0, 23.0), (26.0, 23.0), (25.0, 23.0), (24.0, 23.0), (23.0, 23.0), (22.0, 23.0), (21.0, 23.0), (20.0, 23.0), (19.0, 23.0), (18.0, 23.0), (17.0, 23.0), (17.0, 22.0), (17.0, 21.0), (17.0, 20.0), (17.0, 19.0), (17.0, 18.0), (17.0, 17.0), (17.0, 16.0), (17.0, 15.0), (17.0, 14.0), (17.0, 13.0), (17.0, 12.0), (17.0, 11.0), (17.0, 10.0)]"
"(95.0, 24.0)","(95.0, 10.0)","[(95.0, 24.0), (95.0, 23.0), (95.0, 22.0), (95.0, 21.0), (95.0, 20.0), (95.0, 19.0), (95.0, 18.0), (95.0, 17.0), (95.0, 16.0), (95.0, 15.0), (95.0, 14.0), (95.0, 13.0), (95.0, 12.0), (95.0, 11.0), (95.0, 10.0)]"
"(161.0, 10.0)","(161.0, 26.0)","[(161.0, 10.0), (161.0, 11.0), (161.0, 12.0), (161.0, 13.0), (161.0, 14.0), (161.0, 15.0), (161.0, 16.0), (161.0, 17.0), (161.0, 18.0), (161.0, 19.0), (161.0, 20.0), (161.0, 21.0), (161.0, 22.0), (161.0, 23.0), (161.0, 24.0), (161.0, 25.0), (161.0, 26.0)]"
"(161.0, 26.0)","(167.0, 44.0)","[(161.0, 26.0), (161.0, 27.0), (161.0, 28.0), (161.0, 29.0), (161.0, 30.0), (161.0, 31.0), (161.0, 32.0), (161.0, 33.0), (161.0, 34.0), (161.0, 35.0), (161.0, 36.0), (161.0, 37.0), (161.0, 38.0), (161.0, 39.0), (161.0, 40.0), (161.0, 41.0), (161.0, 42.0), (161.0, 43.0), (161.0, 44.0), (162.0, 44.0), (163.0, 44.0), (164.0, 44.0), (165.0, 44.0), (166.0, 44.0), (167.0, 44.0)]"
"(161.0, 26.0)","(99.0, 8.0)","[(161.0, 26.0), (160.0, 26.0), (159.0, 26.0), (158.0, 26.0), (157.0, 26.0), (156.0, 26.0), (155.0, 26.0), (154.0, 26.0), (153.0, 26.0), (152.0, 26.0), (151.0, 26.0), (150.0, 26.0), (149.0, 26.0), (148.0, 26.0), (147.0, 26.0), (146.0, 26.0), (145.0, 26.0), (144.0, 26.0), (143.0, 26.0), (142.0, 26.0), (141.0, 26.0), (140.0, 26.0), (139.0, 26.0), (138.0, 26.0), (137.0, 26.0), (136.0, 26.0), (135.0, 26.0), (134.0, 26.0), (133.0, 26.0), (132.0, 26.0), (131.0, 26.0), (130.0, 26.0), (129.0, 26.0), (128.0, 26.0), (127.0, 26.0), (126.0, 26.0), (125.0, 26.0), (124.0, 26.0), (123.0, 26.0), (122.0, 26.0), (121.0, 26.0), (120.0, 26.0), (119.0, 26.0), (118.0, 26.0), (117.0, 26.0), (116.0, 26.0), (115.0, 26.0), (114.0, 26.0), (113.0, 26.0), (112.0, 26.0), (111.0, 26.0), (110.0, 26.0), (109.0, 26.0), (108.0, 26.0), (107.0, 26.0), (106.0, 26.0), (105.0, 26.0), (104.0, 26.0), (103.0, 26.0), (103.0, 25.0), (102.0, 25.0), (101.0, 25.0), (100.0, 25.0), (99.0, 25.0), (99.0, 24.0), (99.0, 23.0), (99.0, 22.0), (99.0, 21.0), (99.0, 20.0), (99.0, 19.0), (99.0, 18.0), (99.0, 17.0), (99.0, 16.0), (99.0, 15.0), (99.0, 14.0), (99.0, 13.0), (99.0, 12.0), (99.0, 11.0), (99.0, 10.0), (99.0, 9.0), (99.0, 8.0)]"
"(105.0, 10.0)","(105.0, 22.0)","[(105.0, 10.0), (105.0, 11.0), (105.0, 12.0), (105.0, 13.0), (105.0, 14.0), (105.0, 15.0), (105.0, 16.0), (105.0, 17.0), (105.0, 18.0), (105.0, 19.0), (105.0, 20.0), (105.0, 21.0), (105.0, 22.0)]"
"(105.0, 22.0)","(143.0, 10.0)","[(105.0, 22.0), (106.0, 22.0), (107.0, 22.0), (108.0, 22.0), (109.0, 22.0), (110.0, 22.0), (111.0, 22.0), (112.0, 22.0), (113.0, 22.0), (114.0, 22.0), (115.0, 22.0), (116.0, 22.0), (117.0, 22.0), (118.0, 22.0), (119.0, 22.0), (120.0, 22.0), (121.0, 22.0), (122.0, 22.0), (123.0, 22.0), (123.0, 21.0), (123.0, 20.0), (123.0, 19.0), (123.0, 18.0), (123.0, 17.0), (123.0, 16.0), (123.0, 15.0), (123.0, 14.0), (123.0, 13.0), (123.0, 12.0), (123.0, 11.0), (124.0, 11.0), (125.0, 11.0), (126.0, 11.0), (127.0, 11.0), (128.0, 11.0), (129.0, 11.0), (130.0, 11.0), (131.0, 11.0), (132.0, 11.0), (133.0, 11.0), (134.0, 11.0), (135.0, 11.0), (136.0, 11.0), (137.0, 11.0), (138.0, 11.0), (138.0, 10.0), (139.0, 10.0), (140.0, 10.0), (141.0, 10.0), (142.0, 10.0), (143.0, 10.0)]"
"(105.0, 22.0)","(101.0, 26.0)","[(105.0, 22.0), (104.0, 22.0), (103.0, 22.0), (102.0, 22.0), (101.0, 22.0), (101.0, 23.0), (101.0, 24.0), (101.0, 25.0), (101.0, 26.0)]"
"(137.0, 10.0)","(101.0, 10.0)","[(137.0, 10.0), (136.0, 10.0), (135.0, 10.0), (134.0, 10.0), (133.0, 10.0), (132.0, 10.0), (131.0, 10.0), (130.0, 10.0), (129.0, 10.0), (128.0, 10.0), (127.0, 10.0), (126.0, 10.0), (125.0, 10.0), (124.0, 10.0), (123.0, 10.0), (122.0, 10.0), (121.0, 10.0), (120.0, 10.0), (119.0, 10.0), (118.0, 10.0), (117.0, 10.0), (116.0, 10.0), (115.0, 10.0), (114.0, 10.0), (113.0, 10.0), (112.0, 10.0), (111.0, 10.0), (110.0, 10.0), (109.0, 10.0), (108.0, 10.0), (107.0, 10.0), (107.0, 9.0), (106.0, 9.0), (105.0, 9.0), (104.0, 9.0), (103.0, 9.0), (102.0, 9.0), (101.0, 9.0), (101.0, 10.0)]"
"(101.0, 10.0)","(99.0, 28.0)","[(101.0, 10.0), (100.0, 10.0), (100.0, 11.0), (100.0, 12.0), (100.0, 13.0), (100.0, 14.0), (100.0, 15.0), (100.0, 16.0), (100.0, 17.0), (100.0, 18.0), (100.0, 19.0), (100.0, 20.0), (100.0, 21.0), (100.0, 22.0), (100.0, 23.0), (100.0, 24.0), (100.0, 25.0), (100.0, 26.0), (99.0, 26.0), (99.0, 27.0), (99.0, 28.0)]"
"(101.0, 10.0)","(65.0, 10.0)","[(101.0, 10.0), (101.0, 9.0), (100.0, 9.0), (99.0, 9.0), (98.0, 9.0), (97.0, 9.0), (96.0, 9.0), (95.0, 9.0), (94.0, 9.0), (93.0, 9.0), (92.0, 9.0), (91.0, 9.0), (90.0, 9.0), (89.0, 9.0), (88.0, 9.0), (87.0, 9.0), (86.0, 9.0), (85.0, 9.0), (84.0, 9.0), (83.0, 9.0), (82.0, 9.0), (81.0, 9.0), (80.0, 9.0), (79.0, 9.0), (78.0, 9.0), (77.0, 9.0), (76.0, 9.0), (75.0, 9.0), (74.0, 9.0), (73.0, 9.0), (72.0, 9.0), (71.0, 9.0), (70.0, 9.0), (69.0, 9.0), (68.0, 9.0), (67.0, 9.0), (66.0, 9.0), (65.0, 9.0), (65.0, 10.0)]"
"(157.0, 8.0)","(141.0, 8.0)","[(157.0, 8.0), (156.0, 8.0), (155.0, 8.0), (154.0, 8.0), (153.0, 8.0), (152.0, 8.0), (151.0, 8.0), (150.0, 8.0), (149.0, 8.0), (148.0, 8.0), (147.0, 8.0), (146.0, 8.0), (145.0, 8.0), (144.0, 8.0), (143.0, 8.0), (142.0, 8.0), (141.0, 8.0)]"
"(11.0, 136.0)","(137.0, 138.0)","[(11.0, 136.0), (11.0, 137.0), (11.0, 138.0), (12.0, 138.0), (13.0, 138.0), (14.0, 138.0), (15.0, 138.0), (16.0, 138.0), (17.0, 138.0), (18.0, 138.0), (19.0, 138.0), (20.0, 138.0), (21.0, 138.0), (22.0, 138.0), (23.0, 138.0), (24.0, 138.0), (25.0, 138.0), (26.0, 138.0), (27.0, 138.0), (28.0, 138.0), (29.0, 138.0), (30.0, 138.0), (31.0, 138.0), (32.0, 138.0), (33.0, 138.0), (34.0, 138.0), (35.0, 138.0), (36.0, 138.0), (37.0, 138.0), (38.0, 138.0), (39.0, 138.0), (40.0, 138.0), (41.0, 138.0), (42.0, 138.0), (43.0, 138.0), (44.0, 138.0), (45.0, 138.0), (46.0, 138.0), (47.0, 138.0), (48.0, 138.0), (49.0, 138.0), (50.0, 138.0), (51.0, 138.0), (52.0, 138.0), (53.0, 138.0), (54.0, 138.0), (55.0, 138.0), (56.0, 138.0), (57.0, 138.0), (58.0, 138.0), (59.0, 138.0), (60.0, 138.0), (61.0, 138.0), (62.0, 138.0), (63.0, 138.0), (64.0, 138.0), (65.0, 138.0), (66.0, 138.0), (67.0, 138.0), (68.0, 138.0), (69.0, 138.0), (70.0, 138.0), (71.0, 138.0), (72.0, 138.0), (73.0, 138.0), (74.0, 138.0), (75.0, 138.0), (76.0, 138.0), (77.0, 138.0), (78.0, 138.0), (79.0, 138.0), (80.0, 138.0), (81.0, 138.0), (82.0, 138.0), (83.0, 138.0), (84.0, 138.0), (85.0, 138.0), (86.0, 138.0), (87.0, 138.0), (88.0, 138.0), (89.0, 138.0), (90.0, 138.0), (91.0, 138.0), (92.0, 138.0), (93.0, 138.0), (94.0, 138.0), (95.0, 138.0), (96.0, 138.0), (97.0, 138.0), (98.0, 138.0), (99.0, 138.0), (100.0, 138.0), (101.0, 138.0), (102.0, 138.0), (103.0, 138.0), (104.0, 138.0), (105.0, 138.0), (106.0, 138.0), (107.0, 138.0), (108.0, 138.0), (109.0, 138.0), (110.0, 138.0), (111.0, 138.0), (112.0, 138.0), (113.0, 138.0), (114.0, 138.0), (115.0, 138.0), (116.0, 138.0), (117.0, 138.0), (118.0, 138.0), (119.0, 138.0), (120.0, 138.0), (121.0, 138.0), (122.0, 138.0), (123.0, 138.0), (124.0, 138.0), (125.0, 138.0), (126.0, 138.0), (127.0, 138.0), (128.0, 138.0), (129.0, 138.0), (130.0, 138.0), (131.0, 138.0), (132.0, 138.0), (133.0, 138.0), (134.0, 138.0), (135.0, 138.0), (136.0, 138.0), (137.0, 138.0)]"
"(81.0, 122.0)","(81.0, 118.0)","[(81.0, 122.0), (81.0, 121.0), (81.0, 120.0), (81.0, 119.0), (81.0, 118.0)]"
"(81.0, 122.0)","(93.0, 122.0)","[(81.0, 122.0), (82.0, 122.0), (83.0, 122.0), (84.0, 122.0), (85.0, 122.0), (86.0, 122.0), (87.0, 122.0), (88.0, 122.0), (89.0, 122.0), (90.0, 122.0), (91.0, 122.0), (92.0, 122.0), (93.0, 122.0)]"
"(81.0, 122.0)","(49.0, 132.0)","[(81.0, 122.0), (80.0, 122.0), (79.0, 122.0), (78.0, 122.0), (77.0, 122.0), (76.0, 122.0), (75.0, 122.0), (74.0, 122.0), (73.0, 122.0), (72.0, 122.0), (71.0, 122.0), (70.0, 122.0), (69.0, 122.0), (68.0, 122.0), (67.0, 122.0), (66.0, 122.0), (65.0, 122.0), (64.0, 122.0), (63.0, 122.0), (62.0, 122.0), (61.0, 122.0), (60.0, 122.0), (59.0, 122.0), (58.0, 122.0), (57.0, 122.0), (56.0, 122.0), (55.0, 122.0), (54.0, 122.0), (53.0, 122.0), (52.0, 122.0), (51.0, 122.0), (50.0, 122.0), (49.0, 122.0), (49.0, 123.0), (49.0, 124.0), (49.0, 125.0), (49.0, 126.0), (49.0, 127.0), (49.0, 128.0), (49.0, 129.0), (49.0, 130.0), (49.0, 131.0), (49.0, 132.0)]"
"(91.0, 100.0)","(91.0, 116.0)","[(91.0, 100.0), (91.0, 101.0), (91.0, 102.0), (91.0, 103.0), (91.0, 104.0), (91.0, 105.0), (91.0, 106.0), (91.0, 107.0), (91.0, 108.0), (91.0, 109.0), (91.0, 110.0), (91.0, 111.0), (91.0, 112.0), (91.0, 113.0), (91.0, 114.0), (91.0, 115.0), (91.0, 116.0)]"
"(83.0, 116.0)","(105.0, 130.0)","[(83.0, 116.0), (83.0, 117.0), (83.0, 118.0), (83.0, 119.0), (83.0, 120.0), (83.0, 121.0), (83.0, 122.0), (83.0, 123.0), (83.0, 124.0), (83.0, 125.0), (83.0, 126.0), (83.0, 127.0), (83.0, 128.0), (83.0, 129.0), (83.0, 130.0), (84.0, 130.0), (85.0, 130.0), (86.0, 130.0), (87.0, 130.0), (88.0, 130.0), (89.0, 130.0), (90.0, 130.0), (91.0, 130.0), (92.0, 130.0), (93.0, 130.0), (94.0, 130.0), (95.0, 130.0), (96.0, 130.0), (97.0, 130.0), (98.0, 130.0), (99.0, 130.0), (100.0, 130.0), (101.0, 130.0), (102.0, 130.0), (103.0, 130.0), (104.0, 130.0), (105.0, 130.0)]"
